{
    "gamesList": [
    {
      "title": "النسخة العالمية",
      "package": "com.tencent.ig",
      "version": "4.1",
      "status": "أمنة✅"
    },
    {
      "title": "النسخة الكورية",
      "package": "com.pubg.krmobile",
      "version": "4.1",
      "status": "آمنة✅"
    },
      {
        "title": "النسخة الفيتنامية",
        "package": "com.vng.pubgmobile",
        "version": "4.1",
        "status": "آمنة✅"
      },
    {
      "title": "النسخة التايوانية",
      "package": "com.rekoo.pubgm",
      "version": "4.1",
      "status": "آمنة✅"
    },
      {
        "title": "النسخة الهندة",
        "package": "com.pubg.imobile",
        "version": "4.1",
        "status": "غير آمنة"
      }
  ]
}